"","name","id.number","type1","type2","height","weight","hp","attack","defense","special.attack","special.defense","speed"
"1","Bulbasaur",1,"grass","poison",7,69,45,49,49,65,65,45
"2","Ivysaur",2,"grass","poison",10,130,60,62,63,80,80,60
"3","Venusaur",3,"grass","poison",20,1000,80,82,83,100,100,80
"4","Charmander",4,"fire",NA,6,85,39,52,43,60,50,65
"5","Charmeleon",5,"fire",NA,11,190,58,64,58,80,65,80
"6","Charizard",6,"fire","flying",17,905,78,84,78,109,85,100
"7","Squirtle",7,"water",NA,5,90,44,48,65,50,64,43
"8","Wartortle",8,"water",NA,10,225,59,63,80,65,80,58
"9","Blastoise",9,"water",NA,16,855,79,83,100,85,105,78
"10","Caterpie",10,"bug",NA,3,29,45,30,35,20,20,45
"11","Metapod",11,"bug",NA,7,99,50,20,55,25,25,30
"12","Butterfree",12,"bug","flying",11,320,60,45,50,90,80,70
"13","Weedle",13,"bug","poison",3,32,40,35,30,20,20,50
"14","Kakuna",14,"bug","poison",6,100,45,25,50,25,25,35
"15","Beedrill",15,"bug","poison",10,295,65,90,40,45,80,75
"16","Pidgey",16,"normal","flying",3,18,40,45,40,35,35,56
"17","Pidgeotto",17,"normal","flying",11,300,63,60,55,50,50,71
"18","Pidgeot",18,"normal","flying",15,395,83,80,75,70,70,101
"19","Rattata",19,"normal",NA,3,35,30,56,35,25,35,72
"20","Raticate",20,"normal",NA,7,185,55,81,60,50,70,97
"21","Spearow",21,"normal","flying",3,20,40,60,30,31,31,70
"22","Fearow",22,"normal","flying",12,380,65,90,65,61,61,100
"23","Ekans",23,"poison",NA,20,69,35,60,44,40,54,55
"24","Arbok",24,"poison",NA,35,650,60,95,69,65,79,80
"25","Pikachu",25,"electric",NA,4,60,35,55,40,50,50,90
"26","Raichu",26,"electric",NA,8,300,60,90,55,90,80,110
"27","Sandshrew",27,"ground",NA,6,120,50,75,85,20,30,40
"28","Sandslash",28,"ground",NA,10,295,75,100,110,45,55,65
"29","Nidoran-F",29,"poison",NA,4,70,55,47,52,40,40,41
"30","Nidorina",30,"poison",NA,8,200,70,62,67,55,55,56
"31","Nidoqueen",31,"poison","ground",13,600,90,92,87,75,85,76
"32","Nidoran-M",32,"poison",NA,5,90,46,57,40,40,40,50
"33","Nidorino",33,"poison",NA,9,195,61,72,57,55,55,65
"34","Nidoking",34,"poison","ground",14,620,81,102,77,85,75,85
"35","Clefairy",35,"fairy",NA,6,75,70,45,48,60,65,35
"36","Clefable",36,"fairy",NA,13,400,95,70,73,95,90,60
"37","Vulpix",37,"fire",NA,6,99,38,41,40,50,65,65
"38","Ninetales",38,"fire",NA,11,199,73,76,75,81,100,100
"39","Jigglypuff",39,"normal","fairy",5,55,115,45,20,45,25,20
"40","Wigglytuff",40,"normal","fairy",10,120,140,70,45,85,50,45
"41","Zubat",41,"poison","flying",8,75,40,45,35,30,40,55
"42","Golbat",42,"poison","flying",16,550,75,80,70,65,75,90
"43","Oddish",43,"grass","poison",5,54,45,50,55,75,65,30
"44","Gloom",44,"grass","poison",8,86,60,65,70,85,75,40
"45","Vileplume",45,"grass","poison",12,186,75,80,85,110,90,50
"46","Paras",46,"bug","grass",3,54,35,70,55,45,55,25
"47","Parasect",47,"bug","grass",10,295,60,95,80,60,80,30
"48","Venonat",48,"bug","poison",10,300,60,55,50,40,55,45
"49","Venomoth",49,"bug","poison",15,125,70,65,60,90,75,90
"50","Diglett",50,"ground",NA,2,8,10,55,25,35,45,95
"51","Dugtrio",51,"ground",NA,7,333,35,100,50,50,70,120
"52","Meowth",52,"normal",NA,4,42,40,45,35,40,40,90
"53","Persian",53,"normal",NA,10,320,65,70,60,65,65,115
"54","Psyduck",54,"water",NA,8,196,50,52,48,65,50,55
"55","Golduck",55,"water",NA,17,766,80,82,78,95,80,85
"56","Mankey",56,"fighting",NA,5,280,40,80,35,35,45,70
"57","Primeape",57,"fighting",NA,10,320,65,105,60,60,70,95
"58","Growlithe",58,"fire",NA,7,190,55,70,45,70,50,60
"59","Arcanine",59,"fire",NA,19,1550,90,110,80,100,80,95
"60","Poliwag",60,"water",NA,6,124,40,50,40,40,40,90
"61","Poliwhirl",61,"water",NA,10,200,65,65,65,50,50,90
"62","Poliwrath",62,"water","fighting",13,540,90,95,95,70,90,70
"63","Abra",63,"psychic",NA,9,195,25,20,15,105,55,90
"64","Kadabra",64,"psychic",NA,13,565,40,35,30,120,70,105
"65","Alakazam",65,"psychic",NA,15,480,55,50,45,135,95,120
"66","Machop",66,"fighting",NA,8,195,70,80,50,35,35,35
"67","Machoke",67,"fighting",NA,15,705,80,100,70,50,60,45
"68","Machamp",68,"fighting",NA,16,1300,90,130,80,65,85,55
"69","Bellsprout",69,"grass","poison",7,40,50,75,35,70,30,40
"70","Weepinbell",70,"grass","poison",10,64,65,90,50,85,45,55
"71","Victreebel",71,"grass","poison",17,155,80,105,65,100,70,70
"72","Tentacool",72,"water","poison",9,455,40,40,35,50,100,70
"73","Tentacruel",73,"water","poison",16,550,80,70,65,80,120,100
"74","Geodude",74,"rock","ground",4,200,40,80,100,30,30,20
"75","Graveler",75,"rock","ground",10,1050,55,95,115,45,45,35
"76","Golem",76,"rock","ground",14,3000,80,120,130,55,65,45
"77","Ponyta",77,"fire",NA,10,300,50,85,55,65,65,90
"78","Rapidash",78,"fire",NA,17,950,65,100,70,80,80,105
"79","Slowpoke",79,"water","psychic",12,360,90,65,65,40,40,15
"80","Slowbro",80,"water","psychic",16,785,95,75,110,100,80,30
"81","Magnemite",81,"electric","steel",3,60,25,35,70,95,55,45
"82","Magneton",82,"electric","steel",10,600,50,60,95,120,70,70
"83","Farfetchd",83,"normal","flying",8,150,52,90,55,58,62,60
"84","Doduo",84,"normal","flying",14,392,35,85,45,35,35,75
"85","Dodrio",85,"normal","flying",18,852,60,110,70,60,60,110
"86","Seel",86,"water",NA,11,900,65,45,55,45,70,45
"87","Dewgong",87,"water","ice",17,1200,90,70,80,70,95,70
"88","Grimer",88,"poison",NA,9,300,80,80,50,40,50,25
"89","Muk",89,"poison",NA,12,300,105,105,75,65,100,50
"90","Shellder",90,"water",NA,3,40,30,65,100,45,25,40
"91","Cloyster",91,"water","ice",15,1325,50,95,180,85,45,70
"92","Gastly",92,"ghost","poison",13,1,30,35,30,100,35,80
"93","Haunter",93,"ghost","poison",16,1,45,50,45,115,55,95
"94","Gengar",94,"ghost","poison",15,405,60,65,60,130,75,110
"95","Onix",95,"rock","ground",88,2100,35,45,160,30,45,70
"96","Drowzee",96,"psychic",NA,10,324,60,48,45,43,90,42
"97","Hypno",97,"psychic",NA,16,756,85,73,70,73,115,67
"98","Krabby",98,"water",NA,4,65,30,105,90,25,25,50
"99","Kingler",99,"water",NA,13,600,55,130,115,50,50,75
"100","Voltorb",100,"electric",NA,5,104,40,30,50,55,55,100
"101","Electrode",101,"electric",NA,12,666,60,50,70,80,80,150
"102","Exeggcute",102,"grass","psychic",4,25,60,40,80,60,45,40
"103","Exeggutor",103,"grass","psychic",20,1200,95,95,85,125,75,55
"104","Cubone",104,"ground",NA,4,65,50,50,95,40,50,35
"105","Marowak",105,"ground",NA,10,450,60,80,110,50,80,45
"106","Hitmonlee",106,"fighting",NA,15,498,50,120,53,35,110,87
"107","Hitmonchan",107,"fighting",NA,14,502,50,105,79,35,110,76
"108","Lickitung",108,"normal",NA,12,655,90,55,75,60,75,30
"109","Koffing",109,"poison",NA,6,10,40,65,95,60,45,35
"110","Weezing",110,"poison",NA,12,95,65,90,120,85,70,60
"111","Rhyhorn",111,"ground","rock",10,1150,80,85,95,30,30,25
"112","Rhydon",112,"ground","rock",19,1200,105,130,120,45,45,40
"113","Chansey",113,"normal",NA,11,346,250,5,5,35,105,50
"114","Tangela",114,"grass",NA,10,350,65,55,115,100,40,60
"115","Kangaskhan",115,"normal",NA,22,800,105,95,80,40,80,90
"116","Horsea",116,"water",NA,4,80,30,40,70,70,25,60
"117","Seadra",117,"water",NA,12,250,55,65,95,95,45,85
"118","Goldeen",118,"water",NA,6,150,45,67,60,35,50,63
"119","Seaking",119,"water",NA,13,390,80,92,65,65,80,68
"120","Staryu",120,"water",NA,8,345,30,45,55,70,55,85
"121","Starmie",121,"water","psychic",11,800,60,75,85,100,85,115
"122","Mr-Mime",122,"psychic","fairy",13,545,40,45,65,100,120,90
"123","Scyther",123,"bug","flying",15,560,70,110,80,55,80,105
"124","Jynx",124,"ice","psychic",14,406,65,50,35,115,95,95
"125","Electabuzz",125,"electric",NA,11,300,65,83,57,95,85,105
"126","Magmar",126,"fire",NA,13,445,65,95,57,100,85,93
"127","Pinsir",127,"bug",NA,15,550,65,125,100,55,70,85
"128","Tauros",128,"normal",NA,14,884,75,100,95,40,70,110
"129","Magikarp",129,"water",NA,9,100,20,10,55,15,20,80
"130","Gyarados",130,"water","flying",65,2350,95,125,79,60,100,81
"131","Lapras",131,"water","ice",25,2200,130,85,80,85,95,60
"132","Ditto",132,"normal",NA,3,40,48,48,48,48,48,48
"133","Eevee",133,"normal",NA,3,65,55,55,50,45,65,55
"134","Vaporeon",134,"water",NA,10,290,130,65,60,110,95,65
"135","Jolteon",135,"electric",NA,8,245,65,65,60,110,95,130
"136","Flareon",136,"fire",NA,9,250,65,130,60,95,110,65
"137","Porygon",137,"normal",NA,8,365,65,60,70,85,75,40
"138","Omanyte",138,"rock","water",4,75,35,40,100,90,55,35
"139","Omastar",139,"rock","water",10,350,70,60,125,115,70,55
"140","Kabuto",140,"rock","water",5,115,30,80,90,55,45,55
"141","Kabutops",141,"rock","water",13,405,60,115,105,65,70,80
"142","Aerodactyl",142,"rock","flying",18,590,80,105,65,60,75,130
"143","Snorlax",143,"normal",NA,21,4600,160,110,65,65,110,30
"144","Articuno",144,"ice","flying",17,554,90,85,100,95,125,85
"145","Zapdos",145,"electric","flying",16,526,90,90,85,125,90,100
"146","Moltres",146,"fire","flying",20,600,90,100,90,125,85,90
"147","Dratini",147,"dragon",NA,18,33,41,64,45,50,50,50
"148","Dragonair",148,"dragon",NA,40,165,61,84,65,70,70,70
"149","Dragonite",149,"dragon","flying",22,2100,91,134,95,100,100,80
"150","Mewtwo",150,"psychic",NA,20,1220,106,110,90,154,90,130
"151","Mew",151,"psychic",NA,4,40,100,100,100,100,100,100
"152","Chikorita",152,"grass",NA,9,64,45,49,65,49,65,45
"153","Bayleef",153,"grass",NA,12,158,60,62,80,63,80,60
"154","Meganium",154,"grass",NA,18,1005,80,82,100,83,100,80
"155","Cyndaquil",155,"fire",NA,5,79,39,52,43,60,50,65
"156","Quilava",156,"fire",NA,9,190,58,64,58,80,65,80
"157","Typhlosion",157,"fire",NA,17,795,78,84,78,109,85,100
"158","Totodile",158,"water",NA,6,95,50,65,64,44,48,43
"159","Croconaw",159,"water",NA,11,250,65,80,80,59,63,58
"160","Feraligatr",160,"water",NA,23,888,85,105,100,79,83,78
"161","Sentret",161,"normal",NA,8,60,35,46,34,35,45,20
"162","Furret",162,"normal",NA,18,325,85,76,64,45,55,90
"163","Hoothoot",163,"normal","flying",7,212,60,30,30,36,56,50
"164","Noctowl",164,"normal","flying",16,408,100,50,50,86,96,70
"165","Ledyba",165,"bug","flying",10,108,40,20,30,40,80,55
"166","Ledian",166,"bug","flying",14,356,55,35,50,55,110,85
"167","Spinarak",167,"bug","poison",5,85,40,60,40,40,40,30
"168","Ariados",168,"bug","poison",11,335,70,90,70,60,70,40
"169","Crobat",169,"poison","flying",18,750,85,90,80,70,80,130
"170","Chinchou",170,"water","electric",5,120,75,38,38,56,56,67
"171","Lanturn",171,"water","electric",12,225,125,58,58,76,76,67
"172","Pichu",172,"electric",NA,3,20,20,40,15,35,35,60
"173","Cleffa",173,"fairy",NA,3,30,50,25,28,45,55,15
"174","Igglybuff",174,"normal","fairy",3,10,90,30,15,40,20,15
"175","Togepi",175,"fairy",NA,3,15,35,20,65,40,65,20
"176","Togetic",176,"fairy","flying",6,32,55,40,85,80,105,40
"177","Natu",177,"psychic","flying",2,20,40,50,45,70,45,70
"178","Xatu",178,"psychic","flying",15,150,65,75,70,95,70,95
"179","Mareep",179,"electric",NA,6,78,55,40,40,65,45,35
"180","Flaaffy",180,"electric",NA,8,133,70,55,55,80,60,45
"181","Ampharos",181,"electric",NA,14,615,90,75,85,115,90,55
"182","Bellossom",182,"grass",NA,4,58,75,80,95,90,100,50
"183","Marill",183,"water","fairy",4,85,70,20,50,20,50,40
"184","Azumarill",184,"water","fairy",8,285,100,50,80,60,80,50
"185","Sudowoodo",185,"rock",NA,12,380,70,100,115,30,65,30
"186","Politoed",186,"water",NA,11,339,90,75,75,90,100,70
"187","Hoppip",187,"grass","flying",4,5,35,35,40,35,55,50
"188","Skiploom",188,"grass","flying",6,10,55,45,50,45,65,80
"189","Jumpluff",189,"grass","flying",8,30,75,55,70,55,95,110
"190","Aipom",190,"normal",NA,8,115,55,70,55,40,55,85
"191","Sunkern",191,"grass",NA,3,18,30,30,30,30,30,30
"192","Sunflora",192,"grass",NA,8,85,75,75,55,105,85,30
"193","Yanma",193,"bug","flying",12,380,65,65,45,75,45,95
"194","Wooper",194,"water","ground",4,85,55,45,45,25,25,15
"195","Quagsire",195,"water","ground",14,750,95,85,85,65,65,35
"196","Espeon",196,"psychic",NA,9,265,65,65,60,130,95,110
"197","Umbreon",197,"dark",NA,10,270,95,65,110,60,130,65
"198","Murkrow",198,"dark","flying",5,21,60,85,42,85,42,91
"199","Slowking",199,"water","psychic",20,795,95,75,80,100,110,30
"200","Misdreavus",200,"ghost",NA,7,10,60,60,60,85,85,85
"201","Unown",201,"psychic",NA,5,50,48,72,48,72,48,48
"202","Wobbuffet",202,"psychic",NA,13,285,190,33,58,33,58,33
"203","Girafarig",203,"normal","psychic",15,415,70,80,65,90,65,85
"204","Pineco",204,"bug",NA,6,72,50,65,90,35,35,15
"205","Forretress",205,"bug","steel",12,1258,75,90,140,60,60,40
"206","Dunsparce",206,"normal",NA,15,140,100,70,70,65,65,45
"207","Gligar",207,"ground","flying",11,648,65,75,105,35,65,85
"208","Steelix",208,"steel","ground",92,4000,75,85,200,55,65,30
"209","Snubbull",209,"fairy",NA,6,78,60,80,50,40,40,30
"210","Granbull",210,"fairy",NA,14,487,90,120,75,60,60,45
"211","Qwilfish",211,"water","poison",5,39,65,95,85,55,55,85
"212","Scizor",212,"bug","steel",18,1180,70,130,100,55,80,65
"213","Shuckle",213,"bug","rock",6,205,20,10,230,10,230,5
"214","Heracross",214,"bug","fighting",15,540,80,125,75,40,95,85
"215","Sneasel",215,"dark","ice",9,280,55,95,55,35,75,115
"216","Teddiursa",216,"normal",NA,6,88,60,80,50,50,50,40
"217","Ursaring",217,"normal",NA,18,1258,90,130,75,75,75,55
"218","Slugma",218,"fire",NA,7,350,40,40,40,70,40,20
"219","Magcargo",219,"fire","rock",8,550,60,50,120,90,80,30
"220","Swinub",220,"ice","ground",4,65,50,50,40,30,30,50
"221","Piloswine",221,"ice","ground",11,558,100,100,80,60,60,50
"222","Corsola",222,"water","rock",6,50,65,55,95,65,95,35
"223","Remoraid",223,"water",NA,6,120,35,65,35,65,35,65
"224","Octillery",224,"water",NA,9,285,75,105,75,105,75,45
"225","Delibird",225,"ice","flying",9,160,45,55,45,65,45,75
"226","Mantine",226,"water","flying",21,2200,85,40,70,80,140,70
"227","Skarmory",227,"steel","flying",17,505,65,80,140,40,70,70
"228","Houndour",228,"dark","fire",6,108,45,60,30,80,50,65
"229","Houndoom",229,"dark","fire",14,350,75,90,50,110,80,95
"230","Kingdra",230,"water","dragon",18,1520,75,95,95,95,95,85
"231","Phanpy",231,"ground",NA,5,335,90,60,60,40,40,40
"232","Donphan",232,"ground",NA,11,1200,90,120,120,60,60,50
"233","Porygon2",233,"normal",NA,6,325,85,80,90,105,95,60
"234","Stantler",234,"normal",NA,14,712,73,95,62,85,65,85
"235","Smeargle",235,"normal",NA,12,580,55,20,35,20,45,75
"236","Tyrogue",236,"fighting",NA,7,210,35,35,35,35,35,35
"237","Hitmontop",237,"fighting",NA,14,480,50,95,95,35,110,70
"238","Smoochum",238,"ice","psychic",4,60,45,30,15,85,65,65
"239","Elekid",239,"electric",NA,6,235,45,63,37,65,55,95
"240","Magby",240,"fire",NA,7,214,45,75,37,70,55,83
"241","Miltank",241,"normal",NA,12,755,95,80,105,40,70,100
"242","Blissey",242,"normal",NA,15,468,255,10,10,75,135,55
"243","Raikou",243,"electric",NA,19,1780,90,85,75,115,100,115
"244","Entei",244,"fire",NA,21,1980,115,115,85,90,75,100
"245","Suicune",245,"water",NA,20,1870,100,75,115,90,115,85
"246","Larvitar",246,"rock","ground",6,720,50,64,50,45,50,41
"247","Pupitar",247,"rock","ground",12,1520,70,84,70,65,70,51
"248","Tyranitar",248,"rock","dark",20,2020,100,134,110,95,100,61
"249","Lugia",249,"psychic","flying",52,2160,106,90,130,90,154,110
"250","Ho-Oh",250,"fire","flying",38,1990,106,130,90,110,154,90
"251","Celebi",251,"psychic","grass",6,50,100,100,100,100,100,100
"252","Treecko",252,"grass",NA,5,50,40,45,35,65,55,70
"253","Grovyle",253,"grass",NA,9,216,50,65,45,85,65,95
"254","Sceptile",254,"grass",NA,17,522,70,85,65,105,85,120
"255","Torchic",255,"fire",NA,4,25,45,60,40,70,50,45
"256","Combusken",256,"fire","fighting",9,195,60,85,60,85,60,55
"257","Blaziken",257,"fire","fighting",19,520,80,120,70,110,70,80
"258","Mudkip",258,"water",NA,4,76,50,70,50,50,50,40
"259","Marshtomp",259,"water","ground",7,280,70,85,70,60,70,50
"260","Swampert",260,"water","ground",15,819,100,110,90,85,90,60
"261","Poochyena",261,"dark",NA,5,136,35,55,35,30,30,35
"262","Mightyena",262,"dark",NA,10,370,70,90,70,60,60,70
"263","Zigzagoon",263,"normal",NA,4,175,38,30,41,30,41,60
"264","Linoone",264,"normal",NA,5,325,78,70,61,50,61,100
"265","Wurmple",265,"bug",NA,3,36,45,45,35,20,30,20
"266","Silcoon",266,"bug",NA,6,100,50,35,55,25,25,15
"267","Beautifly",267,"bug","flying",10,284,60,70,50,100,50,65
"268","Cascoon",268,"bug",NA,7,115,50,35,55,25,25,15
"269","Dustox",269,"bug","poison",12,316,60,50,70,50,90,65
"270","Lotad",270,"water","grass",5,26,40,30,30,40,50,30
"271","Lombre",271,"water","grass",12,325,60,50,50,60,70,50
"272","Ludicolo",272,"water","grass",15,550,80,70,70,90,100,70
"273","Seedot",273,"grass",NA,5,40,40,40,50,30,30,30
"274","Nuzleaf",274,"grass","dark",10,280,70,70,40,60,40,60
"275","Shiftry",275,"grass","dark",13,596,90,100,60,90,60,80
"276","Taillow",276,"normal","flying",3,23,40,55,30,30,30,85
"277","Swellow",277,"normal","flying",7,198,60,85,60,75,50,125
"278","Wingull",278,"water","flying",6,95,40,30,30,55,30,85
"279","Pelipper",279,"water","flying",12,280,60,50,100,95,70,65
"280","Ralts",280,"psychic","fairy",4,66,28,25,25,45,35,40
"281","Kirlia",281,"psychic","fairy",8,202,38,35,35,65,55,50
"282","Gardevoir",282,"psychic","fairy",16,484,68,65,65,125,115,80
"283","Surskit",283,"bug","water",5,17,40,30,32,50,52,65
"284","Masquerain",284,"bug","flying",8,36,70,60,62,100,82,80
"285","Shroomish",285,"grass",NA,4,45,60,40,60,40,60,35
"286","Breloom",286,"grass","fighting",12,392,60,130,80,60,60,70
"287","Slakoth",287,"normal",NA,8,240,60,60,60,35,35,30
"288","Vigoroth",288,"normal",NA,14,465,80,80,80,55,55,90
"289","Slaking",289,"normal",NA,20,1305,150,160,100,95,65,100
"290","Nincada",290,"bug","ground",5,55,31,45,90,30,30,40
"291","Ninjask",291,"bug","flying",8,120,61,90,45,50,50,160
"292","Shedinja",292,"bug","ghost",8,12,1,90,45,30,30,40
"293","Whismur",293,"normal",NA,6,163,64,51,23,51,23,28
"294","Loudred",294,"normal",NA,10,405,84,71,43,71,43,48
"295","Exploud",295,"normal",NA,15,840,104,91,63,91,73,68
"296","Makuhita",296,"fighting",NA,10,864,72,60,30,20,30,25
"297","Hariyama",297,"fighting",NA,23,2538,144,120,60,40,60,50
"298","Azurill",298,"normal","fairy",2,20,50,20,40,20,40,20
"299","Nosepass",299,"rock",NA,10,970,30,45,135,45,90,30
"300","Skitty",300,"normal",NA,6,110,50,45,45,35,35,50
"301","Delcatty",301,"normal",NA,11,326,70,65,65,55,55,90
"302","Sableye",302,"dark","ghost",5,110,50,75,75,65,65,50
"303","Mawile",303,"steel","fairy",6,115,50,85,85,55,55,50
"304","Aron",304,"steel","rock",4,600,50,70,100,40,40,30
"305","Lairon",305,"steel","rock",9,1200,60,90,140,50,50,40
"306","Aggron",306,"steel","rock",21,3600,70,110,180,60,60,50
"307","Meditite",307,"fighting","psychic",6,112,30,40,55,40,55,60
"308","Medicham",308,"fighting","psychic",13,315,60,60,75,60,75,80
"309","Electrike",309,"electric",NA,6,152,40,45,40,65,40,65
"310","Manectric",310,"electric",NA,15,402,70,75,60,105,60,105
"311","Plusle",311,"electric",NA,4,42,60,50,40,85,75,95
"312","Minun",312,"electric",NA,4,42,60,40,50,75,85,95
"313","Volbeat",313,"bug",NA,7,177,65,73,75,47,85,85
"314","Illumise",314,"bug",NA,6,177,65,47,75,73,85,85
"315","Roselia",315,"grass","poison",3,20,50,60,45,100,80,65
"316","Gulpin",316,"poison",NA,4,103,70,43,53,43,53,40
"317","Swalot",317,"poison",NA,17,800,100,73,83,73,83,55
"318","Carvanha",318,"water","dark",8,208,45,90,20,65,20,65
"319","Sharpedo",319,"water","dark",18,888,70,120,40,95,40,95
"320","Wailmer",320,"water",NA,20,1300,130,70,35,70,35,60
"321","Wailord",321,"water",NA,145,3980,170,90,45,90,45,60
"322","Numel",322,"fire","ground",7,240,60,60,40,65,45,35
"323","Camerupt",323,"fire","ground",19,2200,70,100,70,105,75,40
"324","Torkoal",324,"fire",NA,5,804,70,85,140,85,70,20
"325","Spoink",325,"psychic",NA,7,306,60,25,35,70,80,60
"326","Grumpig",326,"psychic",NA,9,715,80,45,65,90,110,80
"327","Spinda",327,"normal",NA,11,50,60,60,60,60,60,60
"328","Trapinch",328,"ground",NA,7,150,45,100,45,45,45,10
"329","Vibrava",329,"ground","dragon",11,153,50,70,50,50,50,70
"330","Flygon",330,"ground","dragon",20,820,80,100,80,80,80,100
"331","Cacnea",331,"grass",NA,4,513,50,85,40,85,40,35
"332","Cacturne",332,"grass","dark",13,774,70,115,60,115,60,55
"333","Swablu",333,"normal","flying",4,12,45,40,60,40,75,50
"334","Altaria",334,"dragon","flying",11,206,75,70,90,70,105,80
"335","Zangoose",335,"normal",NA,13,403,73,115,60,60,60,90
"336","Seviper",336,"poison",NA,27,525,73,100,60,100,60,65
"337","Lunatone",337,"rock","psychic",10,1680,90,55,65,95,85,70
"338","Solrock",338,"rock","psychic",12,1540,90,95,85,55,65,70
"339","Barboach",339,"water","ground",4,19,50,48,43,46,41,60
"340","Whiscash",340,"water","ground",9,236,110,78,73,76,71,60
"341","Corphish",341,"water",NA,6,115,43,80,65,50,35,35
"342","Crawdaunt",342,"water","dark",11,328,63,120,85,90,55,55
"343","Baltoy",343,"ground","psychic",5,215,40,40,55,40,70,55
"344","Claydol",344,"ground","psychic",15,1080,60,70,105,70,120,75
"345","Lileep",345,"rock","grass",10,238,66,41,77,61,87,23
"346","Cradily",346,"rock","grass",15,604,86,81,97,81,107,43
"347","Anorith",347,"rock","bug",7,125,45,95,50,40,50,75
"348","Armaldo",348,"rock","bug",15,682,75,125,100,70,80,45
"349","Feebas",349,"water",NA,6,74,20,15,20,10,55,80
"350","Milotic",350,"water",NA,62,1620,95,60,79,100,125,81
"351","Castform",351,"normal",NA,3,8,70,70,70,70,70,70
"352","Kecleon",352,"normal",NA,10,220,60,90,70,60,120,40
"353","Shuppet",353,"ghost",NA,6,23,44,75,35,63,33,45
"354","Banette",354,"ghost",NA,11,125,64,115,65,83,63,65
"355","Duskull",355,"ghost",NA,8,150,20,40,90,30,90,25
"356","Dusclops",356,"ghost",NA,16,306,40,70,130,60,130,25
"357","Tropius",357,"grass","flying",20,1000,99,68,83,72,87,51
"358","Chimecho",358,"psychic",NA,6,10,75,50,80,95,90,65
"359","Absol",359,"dark",NA,12,470,65,130,60,75,60,75
"360","Wynaut",360,"psychic",NA,6,140,95,23,48,23,48,23
"361","Snorunt",361,"ice",NA,7,168,50,50,50,50,50,50
"362","Glalie",362,"ice",NA,15,2565,80,80,80,80,80,80
"363","Spheal",363,"ice","water",8,395,70,40,50,55,50,25
"364","Sealeo",364,"ice","water",11,876,90,60,70,75,70,45
"365","Walrein",365,"ice","water",14,1506,110,80,90,95,90,65
"366","Clamperl",366,"water",NA,4,525,35,64,85,74,55,32
"367","Huntail",367,"water",NA,17,270,55,104,105,94,75,52
"368","Gorebyss",368,"water",NA,18,226,55,84,105,114,75,52
"369","Relicanth",369,"water","rock",10,234,100,90,130,45,65,55
"370","Luvdisc",370,"water",NA,6,87,43,30,55,40,65,97
"371","Bagon",371,"dragon",NA,6,421,45,75,60,40,30,50
"372","Shelgon",372,"dragon",NA,11,1105,65,95,100,60,50,50
"373","Salamence",373,"dragon","flying",15,1026,95,135,80,110,80,100
"374","Beldum",374,"steel","psychic",6,952,40,55,80,35,60,30
"375","Metang",375,"steel","psychic",12,2025,60,75,100,55,80,50
"376","Metagross",376,"steel","psychic",16,5500,80,135,130,95,90,70
"377","Regirock",377,"rock",NA,17,2300,80,100,200,50,100,50
"378","Regice",378,"ice",NA,18,1750,80,50,100,100,200,50
"379","Registeel",379,"steel",NA,19,2050,80,75,150,75,150,50
"380","Latias",380,"dragon","psychic",14,400,80,80,90,110,130,110
"381","Latios",381,"dragon","psychic",20,600,80,90,80,130,110,110
"382","Kyogre",382,"water",NA,45,3520,100,100,90,150,140,90
"383","Groudon",383,"ground",NA,35,9500,100,150,140,100,90,90
"384","Rayquaza",384,"dragon","flying",70,2065,105,150,90,150,90,95
"385","Jirachi",385,"steel","psychic",3,11,100,100,100,100,100,100
"386","Deoxys-Normal",386,"psychic",NA,17,608,50,150,50,150,50,150
"387","Turtwig",387,"grass",NA,4,102,55,68,64,45,55,31
"388","Grotle",388,"grass",NA,11,970,75,89,85,55,65,36
"389","Torterra",389,"grass","ground",22,3100,95,109,105,75,85,56
"390","Chimchar",390,"fire",NA,5,62,44,58,44,58,44,61
"391","Monferno",391,"fire","fighting",9,220,64,78,52,78,52,81
"392","Infernape",392,"fire","fighting",12,550,76,104,71,104,71,108
"393","Piplup",393,"water",NA,4,52,53,51,53,61,56,40
"394","Prinplup",394,"water",NA,8,230,64,66,68,81,76,50
"395","Empoleon",395,"water","steel",17,845,84,86,88,111,101,60
"396","Starly",396,"normal","flying",3,20,40,55,30,30,30,60
"397","Staravia",397,"normal","flying",6,155,55,75,50,40,40,80
"398","Staraptor",398,"normal","flying",12,249,85,120,70,50,60,100
"399","Bidoof",399,"normal",NA,5,200,59,45,40,35,40,31
"400","Bibarel",400,"normal","water",10,315,79,85,60,55,60,71
"401","Kricketot",401,"bug",NA,3,22,37,25,41,25,41,25
"402","Kricketune",402,"bug",NA,10,255,77,85,51,55,51,65
"403","Shinx",403,"electric",NA,5,95,45,65,34,40,34,45
"404","Luxio",404,"electric",NA,9,305,60,85,49,60,49,60
"405","Luxray",405,"electric",NA,14,420,80,120,79,95,79,70
"406","Budew",406,"grass","poison",2,12,40,30,35,50,70,55
"407","Roserade",407,"grass","poison",9,145,60,70,65,125,105,90
"408","Cranidos",408,"rock",NA,9,315,67,125,40,30,30,58
"409","Rampardos",409,"rock",NA,16,1025,97,165,60,65,50,58
"410","Shieldon",410,"rock","steel",5,570,30,42,118,42,88,30
"411","Bastiodon",411,"rock","steel",13,1495,60,52,168,47,138,30
"412","Burmy",412,"bug",NA,2,34,40,29,45,29,45,36
"413","Wormadam-Plant",413,"bug","grass",5,65,60,59,85,79,105,36
"414","Mothim",414,"bug","flying",9,233,70,94,50,94,50,66
"415","Combee",415,"bug","flying",3,55,30,30,42,30,42,70
"416","Vespiquen",416,"bug","flying",12,385,70,80,102,80,102,40
"417","Pachirisu",417,"electric",NA,4,39,60,45,70,45,90,95
"418","Buizel",418,"water",NA,7,295,55,65,35,60,30,85
"419","Floatzel",419,"water",NA,11,335,85,105,55,85,50,115
"420","Cherubi",420,"grass",NA,4,33,45,35,45,62,53,35
"421","Cherrim",421,"grass",NA,5,93,70,60,70,87,78,85
"422","Shellos",422,"water",NA,3,63,76,48,48,57,62,34
"423","Gastrodon",423,"water","ground",9,299,111,83,68,92,82,39
"424","Ambipom",424,"normal",NA,12,203,75,100,66,60,66,115
"425","Drifloon",425,"ghost","flying",4,12,90,50,34,60,44,70
"426","Drifblim",426,"ghost","flying",12,150,150,80,44,90,54,80
"427","Buneary",427,"normal",NA,4,55,55,66,44,44,56,85
"428","Lopunny",428,"normal",NA,12,333,65,76,84,54,96,105
"429","Mismagius",429,"ghost",NA,9,44,60,60,60,105,105,105
"430","Honchkrow",430,"dark","flying",9,273,100,125,52,105,52,71
"431","Glameow",431,"normal",NA,5,39,49,55,42,42,37,85
"432","Purugly",432,"normal",NA,10,438,71,82,64,64,59,112
"433","Chingling",433,"psychic",NA,2,6,45,30,50,65,50,45
"434","Stunky",434,"poison","dark",4,192,63,63,47,41,41,74
"435","Skuntank",435,"poison","dark",10,380,103,93,67,71,61,84
"436","Bronzor",436,"steel","psychic",5,605,57,24,86,24,86,23
"437","Bronzong",437,"steel","psychic",13,1870,67,89,116,79,116,33
"438","Bonsly",438,"rock",NA,5,150,50,80,95,10,45,10
"439","Mime-Jr",439,"psychic","fairy",6,130,20,25,45,70,90,60
"440","Happiny",440,"normal",NA,6,244,100,5,5,15,65,30
"441","Chatot",441,"normal","flying",5,19,76,65,45,92,42,91
"442","Spiritomb",442,"ghost","dark",10,1080,50,92,108,92,108,35
"443","Gible",443,"dragon","ground",7,205,58,70,45,40,45,42
"444","Gabite",444,"dragon","ground",14,560,68,90,65,50,55,82
"445","Garchomp",445,"dragon","ground",19,950,108,130,95,80,85,102
"446","Munchlax",446,"normal",NA,6,1050,135,85,40,40,85,5
"447","Riolu",447,"fighting",NA,7,202,40,70,40,35,40,60
"448","Lucario",448,"fighting","steel",12,540,70,110,70,115,70,90
"449","Hippopotas",449,"ground",NA,8,495,68,72,78,38,42,32
"450","Hippowdon",450,"ground",NA,20,3000,108,112,118,68,72,47
"451","Skorupi",451,"poison","bug",8,120,40,50,90,30,55,65
"452","Drapion",452,"poison","dark",13,615,70,90,110,60,75,95
"453","Croagunk",453,"poison","fighting",7,230,48,61,40,61,40,50
"454","Toxicroak",454,"poison","fighting",13,444,83,106,65,86,65,85
"455","Carnivine",455,"grass",NA,14,270,74,100,72,90,72,46
"456","Finneon",456,"water",NA,4,70,49,49,56,49,61,66
"457","Lumineon",457,"water",NA,12,240,69,69,76,69,86,91
"458","Mantyke",458,"water","flying",10,650,45,20,50,60,120,50
"459","Snover",459,"grass","ice",10,505,60,62,50,62,60,40
"460","Abomasnow",460,"grass","ice",22,1355,90,92,75,92,85,60
"461","Weavile",461,"dark","ice",11,340,70,120,65,45,85,125
"462","Magnezone",462,"electric","steel",12,1800,70,70,115,130,90,60
"463","Lickilicky",463,"normal",NA,17,1400,110,85,95,80,95,50
"464","Rhyperior",464,"ground","rock",24,2828,115,140,130,55,55,40
"465","Tangrowth",465,"grass",NA,20,1286,100,100,125,110,50,50
"466","Electivire",466,"electric",NA,18,1386,75,123,67,95,85,95
"467","Magmortar",467,"fire",NA,16,680,75,95,67,125,95,83
"468","Togekiss",468,"fairy","flying",15,380,85,50,95,120,115,80
"469","Yanmega",469,"bug","flying",19,515,86,76,86,116,56,95
"470","Leafeon",470,"grass",NA,10,255,65,110,130,60,65,95
"471","Glaceon",471,"ice",NA,8,259,65,60,110,130,95,65
"472","Gliscor",472,"ground","flying",20,425,75,95,125,45,75,95
"473","Mamoswine",473,"ice","ground",25,2910,110,130,80,70,60,80
"474","Porygon-Z",474,"normal",NA,9,340,85,80,70,135,75,90
"475","Gallade",475,"psychic","fighting",16,520,68,125,65,65,115,80
"476","Probopass",476,"rock","steel",14,3400,60,55,145,75,150,40
"477","Dusknoir",477,"ghost",NA,22,1066,45,100,135,65,135,45
"478","Froslass",478,"ice","ghost",13,266,70,80,70,80,70,110
"479","Rotom",479,"electric","ghost",3,3,50,50,77,95,77,91
"480","Uxie",480,"psychic",NA,3,3,75,75,130,75,130,95
"481","Mesprit",481,"psychic",NA,3,3,80,105,105,105,105,80
"482","Azelf",482,"psychic",NA,3,3,75,125,70,125,70,115
"483","Dialga",483,"steel","dragon",54,6830,100,120,120,150,100,90
"484","Palkia",484,"water","dragon",42,3360,90,120,100,150,120,100
"485","Heatran",485,"fire","steel",17,4300,91,90,106,130,106,77
"486","Regigigas",486,"normal",NA,37,4200,110,160,110,80,110,100
"487","Giratina-Altered",487,"ghost","dragon",45,7500,150,100,120,100,120,90
"488","Cresselia",488,"psychic",NA,15,856,120,70,110,75,120,85
"489","Phione",489,"water",NA,4,31,80,80,80,80,80,80
"490","Manaphy",490,"water",NA,3,14,100,100,100,100,100,100
"491","Darkrai",491,"dark",NA,15,505,70,90,90,135,90,125
"492","Shaymin-Land",492,"grass",NA,2,21,100,100,100,100,100,100
"493","Arceus",493,"normal",NA,32,3200,120,120,120,120,120,120
"494","Victini",494,"psychic","fire",4,40,100,100,100,100,100,100
"495","Snivy",495,"grass",NA,6,81,45,45,55,45,55,63
"496","Servine",496,"grass",NA,8,160,60,60,75,60,75,83
"497","Serperior",497,"grass",NA,33,630,75,75,95,75,95,113
"498","Tepig",498,"fire",NA,5,99,65,63,45,45,45,45
"499","Pignite",499,"fire","fighting",10,555,90,93,55,70,55,55
"500","Emboar",500,"fire","fighting",16,1500,110,123,65,100,65,65
"501","Oshawott",501,"water",NA,5,59,55,55,45,63,45,45
"502","Dewott",502,"water",NA,8,245,75,75,60,83,60,60
"503","Samurott",503,"water",NA,15,946,95,100,85,108,70,70
"504","Patrat",504,"normal",NA,5,116,45,55,39,35,39,42
"505","Watchog",505,"normal",NA,11,270,60,85,69,60,69,77
"506","Lillipup",506,"normal",NA,4,41,45,60,45,25,45,55
"507","Herdier",507,"normal",NA,9,147,65,80,65,35,65,60
"508","Stoutland",508,"normal",NA,12,610,85,110,90,45,90,80
"509","Purrloin",509,"dark",NA,4,101,41,50,37,50,37,66
"510","Liepard",510,"dark",NA,11,375,64,88,50,88,50,106
"511","Pansage",511,"grass",NA,6,105,50,53,48,53,48,64
"512","Simisage",512,"grass",NA,11,305,75,98,63,98,63,101
"513","Pansear",513,"fire",NA,6,110,50,53,48,53,48,64
"514","Simisear",514,"fire",NA,10,280,75,98,63,98,63,101
"515","Panpour",515,"water",NA,6,135,50,53,48,53,48,64
"516","Simipour",516,"water",NA,10,290,75,98,63,98,63,101
"517","Munna",517,"psychic",NA,6,233,76,25,45,67,55,24
"518","Musharna",518,"psychic",NA,11,605,116,55,85,107,95,29
"519","Pidove",519,"normal","flying",3,21,50,55,50,36,30,43
"520","Tranquill",520,"normal","flying",6,150,62,77,62,50,42,65
"521","Unfezant",521,"normal","flying",12,290,80,115,80,65,55,93
"522","Blitzle",522,"electric",NA,8,298,45,60,32,50,32,76
"523","Zebstrika",523,"electric",NA,16,795,75,100,63,80,63,116
"524","Roggenrola",524,"rock",NA,4,180,55,75,85,25,25,15
"525","Boldore",525,"rock",NA,9,1020,70,105,105,50,40,20
"526","Gigalith",526,"rock",NA,17,2600,85,135,130,60,80,25
"527","Woobat",527,"psychic","flying",4,21,65,45,43,55,43,72
"528","Swoobat",528,"psychic","flying",9,105,67,57,55,77,55,114
"529","Drilbur",529,"ground",NA,3,85,60,85,40,30,45,68
"530","Excadrill",530,"ground","steel",7,404,110,135,60,50,65,88
"531","Audino",531,"normal",NA,11,310,103,60,86,60,86,50
"532","Timburr",532,"fighting",NA,6,125,75,80,55,25,35,35
"533","Gurdurr",533,"fighting",NA,12,400,85,105,85,40,50,40
"534","Conkeldurr",534,"fighting",NA,14,870,105,140,95,55,65,45
"535","Tympole",535,"water",NA,5,45,50,50,40,50,40,64
"536","Palpitoad",536,"water","ground",8,170,75,65,55,65,55,69
"537","Seismitoad",537,"water","ground",15,620,105,95,75,85,75,74
"538","Throh",538,"fighting",NA,13,555,120,100,85,30,85,45
"539","Sawk",539,"fighting",NA,14,510,75,125,75,30,75,85
"540","Sewaddle",540,"bug","grass",3,25,45,53,70,40,60,42
"541","Swadloon",541,"bug","grass",5,73,55,63,90,50,80,42
"542","Leavanny",542,"bug","grass",12,205,75,103,80,70,80,92
"543","Venipede",543,"bug","poison",4,53,30,45,59,30,39,57
"544","Whirlipede",544,"bug","poison",12,585,40,55,99,40,79,47
"545","Scolipede",545,"bug","poison",25,2005,60,100,89,55,69,112
"546","Cottonee",546,"grass","fairy",3,6,40,27,60,37,50,66
"547","Whimsicott",547,"grass","fairy",7,66,60,67,85,77,75,116
"548","Petilil",548,"grass",NA,5,66,45,35,50,70,50,30
"549","Lilligant",549,"grass",NA,11,163,70,60,75,110,75,90
"550","Basculin-Red-Striped",550,"water",NA,10,180,70,92,65,80,55,98
"551","Sandile",551,"ground","dark",7,152,50,72,35,35,35,65
"552","Krokorok",552,"ground","dark",10,334,60,82,45,45,45,74
"553","Krookodile",553,"ground","dark",15,963,95,117,80,65,70,92
"554","Darumaka",554,"fire",NA,6,375,70,90,45,15,45,50
"555","Darmanitan-Standard",555,"fire",NA,13,929,105,140,55,30,55,95
"556","Maractus",556,"grass",NA,10,280,75,86,67,106,67,60
"557","Dwebble",557,"bug","rock",3,145,50,65,85,35,35,55
"558","Crustle",558,"bug","rock",14,2000,70,105,125,65,75,45
"559","Scraggy",559,"dark","fighting",6,118,50,75,70,35,70,48
"560","Scrafty",560,"dark","fighting",11,300,65,90,115,45,115,58
"561","Sigilyph",561,"psychic","flying",14,140,72,58,80,103,80,97
"562","Yamask",562,"ghost",NA,5,15,38,30,85,55,65,30
"563","Cofagrigus",563,"ghost",NA,17,765,58,50,145,95,105,30
"564","Tirtouga",564,"water","rock",7,165,54,78,103,53,45,22
"565","Carracosta",565,"water","rock",12,810,74,108,133,83,65,32
"566","Archen",566,"rock","flying",5,95,55,112,45,74,45,70
"567","Archeops",567,"rock","flying",14,320,75,140,65,112,65,110
"568","Trubbish",568,"poison",NA,6,310,50,50,62,40,62,65
"569","Garbodor",569,"poison",NA,19,1073,80,95,82,60,82,75
"570","Zorua",570,"dark",NA,7,125,40,65,40,80,40,65
"571","Zoroark",571,"dark",NA,16,811,60,105,60,120,60,105
"572","Minccino",572,"normal",NA,4,58,55,50,40,40,40,75
"573","Cinccino",573,"normal",NA,5,75,75,95,60,65,60,115
"574","Gothita",574,"psychic",NA,4,58,45,30,50,55,65,45
"575","Gothorita",575,"psychic",NA,7,180,60,45,70,75,85,55
"576","Gothitelle",576,"psychic",NA,15,440,70,55,95,95,110,65
"577","Solosis",577,"psychic",NA,3,10,45,30,40,105,50,20
"578","Duosion",578,"psychic",NA,6,80,65,40,50,125,60,30
"579","Reuniclus",579,"psychic",NA,10,201,110,65,75,125,85,30
"580","Ducklett",580,"water","flying",5,55,62,44,50,44,50,55
"581","Swanna",581,"water","flying",13,242,75,87,63,87,63,98
"582","Vanillite",582,"ice",NA,4,57,36,50,50,65,60,44
"583","Vanillish",583,"ice",NA,11,410,51,65,65,80,75,59
"584","Vanilluxe",584,"ice",NA,13,575,71,95,85,110,95,79
"585","Deerling",585,"normal","grass",6,195,60,60,50,40,50,75
"586","Sawsbuck",586,"normal","grass",19,925,80,100,70,60,70,95
"587","Emolga",587,"electric","flying",4,50,55,75,60,75,60,103
"588","Karrablast",588,"bug",NA,5,59,50,75,45,40,45,60
"589","Escavalier",589,"bug","steel",10,330,70,135,105,60,105,20
"590","Foongus",590,"grass","poison",2,10,69,55,45,55,55,15
"591","Amoonguss",591,"grass","poison",6,105,114,85,70,85,80,30
"592","Frillish",592,"water","ghost",12,330,55,40,50,65,85,40
"593","Jellicent",593,"water","ghost",22,1350,100,60,70,85,105,60
"594","Alomomola",594,"water",NA,12,316,165,75,80,40,45,65
"595","Joltik",595,"bug","electric",1,6,50,47,50,57,50,65
"596","Galvantula",596,"bug","electric",8,143,70,77,60,97,60,108
"597","Ferroseed",597,"grass","steel",6,188,44,50,91,24,86,10
"598","Ferrothorn",598,"grass","steel",10,1100,74,94,131,54,116,20
"599","Klink",599,"steel",NA,3,210,40,55,70,45,60,30
"600","Klang",600,"steel",NA,6,510,60,80,95,70,85,50
"601","Klinklang",601,"steel",NA,6,810,60,100,115,70,85,90
"602","Tynamo",602,"electric",NA,2,3,35,55,40,45,40,60
"603","Eelektrik",603,"electric",NA,12,220,65,85,70,75,70,40
"604","Eelektross",604,"electric",NA,21,805,85,115,80,105,80,50
"605","Elgyem",605,"psychic",NA,5,90,55,55,55,85,55,30
"606","Beheeyem",606,"psychic",NA,10,345,75,75,75,125,95,40
"607","Litwick",607,"ghost","fire",3,31,50,30,55,65,55,20
"608","Lampent",608,"ghost","fire",6,130,60,40,60,95,60,55
"609","Chandelure",609,"ghost","fire",10,343,60,55,90,145,90,80
"610","Axew",610,"dragon",NA,6,180,46,87,60,30,40,57
"611","Fraxure",611,"dragon",NA,10,360,66,117,70,40,50,67
"612","Haxorus",612,"dragon",NA,18,1055,76,147,90,60,70,97
"613","Cubchoo",613,"ice",NA,5,85,55,70,40,60,40,40
"614","Beartic",614,"ice",NA,26,2600,95,130,80,70,80,50
"615","Cryogonal",615,"ice",NA,11,1480,80,50,50,95,135,105
"616","Shelmet",616,"bug",NA,4,77,50,40,85,40,65,25
"617","Accelgor",617,"bug",NA,8,253,80,70,40,100,60,145
"618","Stunfisk",618,"ground","electric",7,110,109,66,84,81,99,32
"619","Mienfoo",619,"fighting",NA,9,200,45,85,50,55,50,65
"620","Mienshao",620,"fighting",NA,14,355,65,125,60,95,60,105
"621","Druddigon",621,"dragon",NA,16,1390,77,120,90,60,90,48
"622","Golett",622,"ground","ghost",10,920,59,74,50,35,50,35
"623","Golurk",623,"ground","ghost",28,3300,89,124,80,55,80,55
"624","Pawniard",624,"dark","steel",5,102,45,85,70,40,40,60
"625","Bisharp",625,"dark","steel",16,700,65,125,100,60,70,70
"626","Bouffalant",626,"normal",NA,16,946,95,110,95,40,95,55
"627","Rufflet",627,"normal","flying",5,105,70,83,50,37,50,60
"628","Braviary",628,"normal","flying",15,410,100,123,75,57,75,80
"629","Vullaby",629,"dark","flying",5,90,70,55,75,45,65,60
"630","Mandibuzz",630,"dark","flying",12,395,110,65,105,55,95,80
"631","Heatmor",631,"fire",NA,14,580,85,97,66,105,66,65
"632","Durant",632,"bug","steel",3,330,58,109,112,48,48,109
"633","Deino",633,"dark","dragon",8,173,52,65,50,45,50,38
"634","Zweilous",634,"dark","dragon",14,500,72,85,70,65,70,58
"635","Hydreigon",635,"dark","dragon",18,1600,92,105,90,125,90,98
"636","Larvesta",636,"bug","fire",11,288,55,85,55,50,55,60
"637","Volcarona",637,"bug","fire",16,460,85,60,65,135,105,100
"638","Cobalion",638,"steel","fighting",21,2500,91,90,129,90,72,108
"639","Terrakion",639,"rock","fighting",19,2600,91,129,90,72,90,108
"640","Virizion",640,"grass","fighting",20,2000,91,90,72,90,129,108
"641","Tornadus-Incarnate",641,"flying",NA,15,630,79,115,70,125,80,111
"642","Thundurus-Incarnate",642,"electric","flying",15,610,79,115,70,125,80,111
"643","Reshiram",643,"dragon","fire",32,3300,100,120,100,150,120,90
"644","Zekrom",644,"dragon","electric",29,3450,100,150,120,120,100,90
"645","Landorus-Incarnate",645,"ground","flying",15,680,89,125,90,115,80,101
"646","Kyurem",646,"dragon","ice",30,3250,125,130,90,130,90,95
"647","Keldeo-Ordinary",647,"water","fighting",14,485,91,72,90,129,90,108
"648","Meloetta-Aria",648,"normal","psychic",6,65,100,77,77,128,128,90
"649","Genesect",649,"bug","steel",15,825,71,120,95,120,95,99
"650","Chespin",650,"grass",NA,4,90,56,61,65,48,45,38
"651","Quilladin",651,"grass",NA,7,290,61,78,95,56,58,57
"652","Chesnaught",652,"grass","fighting",16,900,88,107,122,74,75,64
"653","Fennekin",653,"fire",NA,4,94,40,45,40,62,60,60
"654","Braixen",654,"fire",NA,10,145,59,59,58,90,70,73
"655","Delphox",655,"fire","psychic",15,390,75,69,72,114,100,104
"656","Froakie",656,"water",NA,3,70,41,56,40,62,44,71
"657","Frogadier",657,"water",NA,6,109,54,63,52,83,56,97
"658","Greninja",658,"water","dark",15,400,72,95,67,103,71,122
"659","Bunnelby",659,"normal",NA,4,50,38,36,38,32,36,57
"660","Diggersby",660,"normal","ground",10,424,85,56,77,50,77,78
"661","Fletchling",661,"normal","flying",3,17,45,50,43,40,38,62
"662","Fletchinder",662,"fire","flying",7,160,62,73,55,56,52,84
"663","Talonflame",663,"fire","flying",12,245,78,81,71,74,69,126
"664","Scatterbug",664,"bug",NA,3,25,38,35,40,27,25,35
"665","Spewpa",665,"bug",NA,3,84,45,22,60,27,30,29
"666","Vivillon",666,"bug","flying",12,170,80,52,50,90,50,89
"667","Litleo",667,"fire","normal",6,135,62,50,58,73,54,72
"668","Pyroar",668,"fire","normal",15,815,86,68,72,109,66,106
"669","Flabebe",669,"fairy",NA,1,1,44,38,39,61,79,42
"670","Floette",670,"fairy",NA,2,9,54,45,47,75,98,52
"671","Florges",671,"fairy",NA,11,100,78,65,68,112,154,75
"672","Skiddo",672,"grass",NA,9,310,66,65,48,62,57,52
"673","Gogoat",673,"grass",NA,17,910,123,100,62,97,81,68
"674","Pancham",674,"fighting",NA,6,80,67,82,62,46,48,43
"675","Pangoro",675,"fighting","dark",21,1360,95,124,78,69,71,58
"676","Furfrou",676,"normal",NA,12,280,75,80,60,65,90,102
"677","Espurr",677,"psychic",NA,3,35,62,48,54,63,60,68
"678","Meowstic-Male",678,"psychic",NA,6,85,74,48,76,83,81,104
"679","Honedge",679,"steel","ghost",8,20,45,80,100,35,37,28
"680","Doublade",680,"steel","ghost",8,45,59,110,150,45,49,35
"681","Aegislash-Shield",681,"steel","ghost",17,530,60,50,140,50,140,60
"682","Spritzee",682,"fairy",NA,2,5,78,52,60,63,65,23
"683","Aromatisse",683,"fairy",NA,8,155,101,72,72,99,89,29
"684","Swirlix",684,"fairy",NA,4,35,62,48,66,59,57,49
"685","Slurpuff",685,"fairy",NA,8,50,82,80,86,85,75,72
"686","Inkay",686,"dark","psychic",4,35,53,54,53,37,46,45
"687","Malamar",687,"dark","psychic",15,470,86,92,88,68,75,73
"688","Binacle",688,"rock","water",5,310,42,52,67,39,56,50
"689","Barbaracle",689,"rock","water",13,960,72,105,115,54,86,68
"690","Skrelp",690,"poison","water",5,73,50,60,60,60,60,30
"691","Dragalge",691,"poison","dragon",18,815,65,75,90,97,123,44
"692","Clauncher",692,"water",NA,5,83,50,53,62,58,63,44
"693","Clawitzer",693,"water",NA,13,353,71,73,88,120,89,59
"694","Helioptile",694,"electric","normal",5,60,44,38,33,61,43,70
"695","Heliolisk",695,"electric","normal",10,210,62,55,52,109,94,109
"696","Tyrunt",696,"rock","dragon",8,260,58,89,77,45,45,48
"697","Tyrantrum",697,"rock","dragon",25,2700,82,121,119,69,59,71
"698","Amaura",698,"rock","ice",13,252,77,59,50,67,63,46
"699","Aurorus",699,"rock","ice",27,2250,123,77,72,99,92,58
"700","Sylveon",700,"fairy",NA,10,235,95,65,65,110,130,60
"701","Hawlucha",701,"fighting","flying",8,215,78,92,75,74,63,118
"702","Dedenne",702,"electric","fairy",2,22,67,58,57,81,67,101
"703","Carbink",703,"rock","fairy",3,57,50,50,150,50,150,50
"704","Goomy",704,"dragon",NA,3,28,45,50,35,55,75,40
"705","Sliggoo",705,"dragon",NA,8,175,68,75,53,83,113,60
"706","Goodra",706,"dragon",NA,20,1505,90,100,70,110,150,80
"707","Klefki",707,"steel","fairy",2,30,57,80,91,80,87,75
"708","Phantump",708,"ghost","grass",4,70,43,70,48,50,60,38
"709","Trevenant",709,"ghost","grass",15,710,85,110,76,65,82,56
"710","Pumpkaboo-Average",710,"ghost","grass",4,50,49,66,70,44,55,51
"711","Gourgeist-Average",711,"ghost","grass",9,125,65,90,122,58,75,84
"712","Bergmite",712,"ice",NA,10,995,55,69,85,32,35,28
"713","Avalugg",713,"ice",NA,20,5050,95,117,184,44,46,28
"714","Noibat",714,"flying","dragon",5,80,40,30,35,45,40,55
"715","Noivern",715,"flying","dragon",15,850,85,70,80,97,80,123
"716","Xerneas",716,"fairy",NA,30,2150,126,131,95,131,98,99
"717","Yveltal",717,"dark","flying",58,2030,126,131,95,131,98,99
"718","Zygarde-50",718,"dragon","ground",50,3050,108,100,121,81,95,95
"719","Diancie",719,"rock","fairy",7,88,50,100,150,100,150,50
"720","Hoopa",720,"psychic","ghost",5,90,80,110,60,150,130,70
"721","Volcanion",721,"fire","water",17,1950,80,110,120,130,90,70
"722","Rowlet",722,"grass","flying",3,15,68,55,55,50,50,42
"723","Dartrix",723,"grass","flying",7,160,78,75,75,70,70,52
"724","Decidueye",724,"grass","ghost",16,366,78,107,75,100,100,70
"725","Litten",725,"fire",NA,4,43,45,65,40,60,40,70
"726","Torracat",726,"fire",NA,7,250,65,85,50,80,50,90
"727","Incineroar",727,"fire","dark",18,830,95,115,90,80,90,60
"728","Popplio",728,"water",NA,4,75,50,54,54,66,56,40
"729","Brionne",729,"water",NA,6,175,60,69,69,91,81,50
"730","Primarina",730,"water","fairy",18,440,80,74,74,126,116,60
"731","Pikipek",731,"normal","flying",3,12,35,75,30,30,30,65
"732","Trumbeak",732,"normal","flying",6,148,55,85,50,40,50,75
"733","Toucannon",733,"normal","flying",11,260,80,120,75,75,75,60
"734","Yungoos",734,"normal",NA,4,60,48,70,30,30,30,45
"735","Gumshoos",735,"normal",NA,7,142,88,110,60,55,60,45
"736","Grubbin",736,"bug",NA,4,44,47,62,45,55,45,46
"737","Charjabug",737,"bug","electric",5,105,57,82,95,55,75,36
"738","Vikavolt",738,"bug","electric",15,450,77,70,90,145,75,43
"739","Crabrawler",739,"fighting",NA,6,70,47,82,57,42,47,63
"740","Crabominable",740,"fighting","ice",17,1800,97,132,77,62,67,43
"741","Oricorio-Baile",741,"fire","flying",6,34,75,70,70,98,70,93
"742","Cutiefly",742,"bug","fairy",1,2,40,45,40,55,40,84
"743","Ribombee",743,"bug","fairy",2,5,60,55,60,95,70,124
"744","Rockruff",744,"rock",NA,5,92,45,65,40,30,40,60
"745","Lycanroc-Midday",745,"rock",NA,8,250,75,115,65,55,65,112
"746","Wishiwashi-Solo",746,"water",NA,2,3,45,20,20,25,25,40
"747","Mareanie",747,"poison","water",4,80,50,53,62,43,52,45
"748","Toxapex",748,"poison","water",7,145,50,63,152,53,142,35
"749","Mudbray",749,"ground",NA,10,1100,70,100,70,45,55,45
"750","Mudsdale",750,"ground",NA,25,9200,100,125,100,55,85,35
"751","Dewpider",751,"water","bug",3,40,38,40,52,40,72,27
"752","Araquanid",752,"water","bug",18,820,68,70,92,50,132,42
"753","Fomantis",753,"grass",NA,3,15,40,55,35,50,35,35
"754","Lurantis",754,"grass",NA,9,185,70,105,90,80,90,45
"755","Morelull",755,"grass","fairy",2,15,40,35,55,65,75,15
"756","Shiinotic",756,"grass","fairy",10,115,60,45,80,90,100,30
"757","Salandit",757,"poison","fire",6,48,48,44,40,71,40,77
"758","Salazzle",758,"poison","fire",12,222,68,64,60,111,60,117
"759","Stufful",759,"normal","fighting",5,68,70,75,50,45,50,50
"760","Bewear",760,"normal","fighting",21,1350,120,125,80,55,60,60
"761","Bounsweet",761,"grass",NA,3,32,42,30,38,30,38,32
"762","Steenee",762,"grass",NA,7,82,52,40,48,40,48,62
"763","Tsareena",763,"grass",NA,12,214,72,120,98,50,98,72
"764","Comfey",764,"fairy",NA,1,3,51,52,90,82,110,100
"765","Oranguru",765,"normal","psychic",15,760,90,60,80,90,110,60
"766","Passimian",766,"fighting",NA,20,828,100,120,90,40,60,80
"767","Wimpod",767,"bug","water",5,120,25,35,40,20,30,80
"768","Golisopod",768,"bug","water",20,1080,75,125,140,60,90,40
"769","Sandygast",769,"ghost","ground",5,700,55,55,80,70,45,15
"770","Palossand",770,"ghost","ground",13,2500,85,75,110,100,75,35
"771","Pyukumuku",771,"water",NA,3,12,55,60,130,30,130,5
"772","Type-Null",772,"normal",NA,19,1205,95,95,95,95,95,59
"773","Silvally",773,"normal",NA,23,1005,95,95,95,95,95,95
"774","Minior-Red-Meteor",774,"rock","flying",3,400,60,60,100,60,100,60
"775","Komala",775,"normal",NA,4,199,65,115,65,75,95,65
"776","Turtonator",776,"fire","dragon",20,2120,60,78,135,91,85,36
"777","Togedemaru",777,"electric","steel",3,33,65,98,63,40,73,96
"778","Mimikyu-Disguised",778,"ghost","fairy",2,7,55,90,80,50,105,96
"779","Bruxish",779,"water","psychic",9,190,68,105,70,70,70,92
"780","Drampa",780,"normal","dragon",30,1850,78,60,85,135,91,36
"781","Dhelmise",781,"ghost","grass",39,2100,70,131,100,86,90,40
"782","Jangmo-O",782,"dragon",NA,6,297,45,55,65,45,45,45
"783","Hakamo-O",783,"dragon","fighting",12,470,55,75,90,65,70,65
"784","Kommo-O",784,"dragon","fighting",16,782,75,110,125,100,105,85
"785","Tapu-Koko",785,"electric","fairy",18,205,70,115,85,95,75,130
"786","Tapu-Lele",786,"psychic","fairy",12,186,70,85,75,130,115,95
"787","Tapu-Bulu",787,"grass","fairy",19,455,70,130,115,85,95,75
"788","Tapu-Fini",788,"water","fairy",13,212,70,75,115,95,130,85
"789","Cosmog",789,"psychic",NA,2,1,43,29,31,29,31,37
"790","Cosmoem",790,"psychic",NA,1,9999,43,29,131,29,131,37
"791","Solgaleo",791,"psychic","steel",34,2300,137,137,107,113,89,97
"792","Lunala",792,"psychic","ghost",40,1200,137,113,89,137,107,97
"793","Nihilego",793,"rock","poison",12,555,109,53,47,127,131,103
"794","Buzzwole",794,"bug","fighting",24,3336,107,139,139,53,53,79
"795","Pheromosa",795,"bug","fighting",18,250,71,137,37,137,37,151
"796","Xurkitree",796,"electric",NA,38,1000,83,89,71,173,71,83
"797","Celesteela",797,"steel","flying",92,9999,97,101,103,107,101,61
"798","Kartana",798,"grass","steel",3,1,59,181,131,59,31,109
"799","Guzzlord",799,"dark","dragon",55,8880,223,101,53,97,53,43
"800","Necrozma",800,"psychic",NA,24,2300,97,107,101,127,89,79
"801","Magearna",801,"steel","fairy",10,805,80,95,115,130,115,65
"802","Marshadow",802,"fighting","ghost",7,222,90,125,80,90,90,125
"803","Poipole",803,"poison",NA,6,18,67,73,67,73,67,73
"804","Naganadel",804,"poison","dragon",36,1500,73,73,73,127,73,121
"805","Stakataka",805,"rock","steel",55,8200,61,131,211,53,101,13
"806","Blacephalon",806,"fire","ghost",18,130,53,127,53,151,79,107
"807","Zeraora",807,"electric",NA,15,445,88,112,75,102,80,143
"808","Meltan",808,"steel",NA,2,80,46,65,65,55,35,34
"809","Melmetal",809,"steel",NA,25,8000,135,143,143,80,65,34
"810","Grookey",810,"grass",NA,3,50,50,65,50,40,40,65
"811","Thwackey",811,"grass",NA,7,140,70,85,70,55,60,80
"812","Rillaboom",812,"grass",NA,21,900,100,125,90,60,70,85
"813","Scorbunny",813,"fire",NA,3,45,50,71,40,40,40,69
"814","Raboot",814,"fire",NA,6,90,65,86,60,55,60,94
"815","Cinderace",815,"fire",NA,14,330,80,116,75,65,75,119
"816","Sobble",816,"water",NA,3,40,50,40,40,70,40,70
"817","Drizzile",817,"water",NA,7,115,65,60,55,95,55,90
"818","Inteleon",818,"water",NA,19,452,70,85,65,125,65,120
"819","Skwovet",819,"normal",NA,3,25,70,55,55,35,35,25
"820","Greedent",820,"normal",NA,6,60,120,95,95,55,75,20
"821","Rookidee",821,"flying",NA,2,18,38,47,35,33,35,57
"822","Corvisquire",822,"flying",NA,8,160,68,67,55,43,55,77
"823","Corviknight",823,"flying","steel",22,750,98,87,105,53,85,67
"824","Blipbug",824,"bug",NA,4,80,25,20,20,25,45,45
"825","Dottler",825,"bug","psychic",4,195,50,35,80,50,90,30
"826","Orbeetle",826,"bug","psychic",4,408,60,45,110,80,120,90
"827","Nickit",827,"dark",NA,6,89,40,28,28,47,52,50
"828","Thievul",828,"dark",NA,12,199,70,58,58,87,92,90
"829","Gossifleur",829,"grass",NA,4,22,40,40,60,40,60,10
"830","Eldegoss",830,"grass",NA,5,25,60,50,90,80,120,60
"831","Wooloo",831,"normal",NA,6,60,42,40,55,40,45,48
"832","Dubwool",832,"normal",NA,13,430,72,80,100,60,90,88
"833","Chewtle",833,"water",NA,3,85,50,64,50,38,38,44
"834","Drednaw",834,"water","rock",10,1155,90,115,90,48,68,74
"835","Yamper",835,"electric",NA,3,135,59,45,50,40,50,26
"836","Boltund",836,"electric",NA,10,340,69,90,60,90,60,121
"837","Rolycoly",837,"rock",NA,3,120,30,40,50,40,50,30
"838","Carkol",838,"rock","fire",11,780,80,60,90,60,70,50
"839","Coalossal",839,"rock","fire",28,3105,110,80,120,80,90,30
"840","Applin",840,"grass","dragon",2,5,40,40,80,40,40,20
"841","Flapple",841,"grass","dragon",3,10,70,110,80,95,60,70
"842","Appletun",842,"grass","dragon",4,130,110,85,80,100,80,30
"843","Silicobra",843,"ground",NA,22,76,52,57,75,35,50,46
"844","Sandaconda",844,"ground",NA,38,655,72,107,125,65,70,71
"845","Cramorant",845,"flying","water",8,180,70,85,55,85,95,85
"846","Arrokuda",846,"water",NA,5,10,41,63,40,40,30,66
"847","Barraskewda",847,"water",NA,13,300,61,123,60,60,50,136
"848","Toxel",848,"electric","poison",4,110,40,38,35,54,35,40
"849","Toxtricity-Amped",849,"electric","poison",16,400,75,98,70,114,70,75
"850","Sizzlipede",850,"fire","bug",7,10,50,65,45,50,50,45
"851","Centiskorch",851,"fire","bug",30,1200,100,115,65,90,90,65
"852","Clobbopus",852,"fighting",NA,6,40,50,68,60,50,50,32
"853","Grapploct",853,"fighting",NA,16,390,80,118,90,70,80,42
"854","Sinistea",854,"ghost",NA,1,2,40,45,45,74,54,50
"855","Polteageist",855,"ghost",NA,2,4,60,65,65,134,114,70
"856","Hatenna",856,"psychic",NA,4,34,42,30,45,56,53,39
"857","Hattrem",857,"psychic",NA,6,48,57,40,65,86,73,49
"858","Hatterene",858,"psychic","fairy",21,51,57,90,95,136,103,29
"859","Impidimp",859,"dark","fairy",4,55,45,45,30,55,40,50
"860","Morgrem",860,"dark","fairy",8,125,65,60,45,75,55,70
"861","Grimmsnarl",861,"dark","fairy",15,610,95,120,65,95,75,60
"862","Obstagoon",862,"dark","normal",16,460,93,90,101,60,81,95
"863","Perrserker",863,"steel",NA,8,280,70,110,100,50,60,50
"864","Cursola",864,"ghost",NA,10,4,60,95,50,145,130,30
"865","Sirfetchd",865,"fighting",NA,8,1170,62,135,95,68,82,65
"866","Mr-Rime",866,"ice","psychic",15,582,80,85,75,110,100,70
"867","Runerigus",867,"ground","ghost",16,666,58,95,145,50,105,30
"868","Milcery",868,"fairy",NA,2,3,45,40,40,50,61,34
"869","Alcremie",869,"fairy",NA,3,5,65,60,75,110,121,64
"870","Falinks",870,"fighting",NA,30,620,65,100,100,70,60,75
"871","Pincurchin",871,"electric",NA,3,10,48,101,95,91,85,15
"872","Snom",872,"ice","bug",3,38,30,25,35,45,30,20
"873","Frosmoth",873,"ice","bug",13,420,70,65,60,125,90,65
"874","Stonjourner",874,"rock",NA,25,5200,100,125,135,20,20,70
"875","Eiscue-Ice",875,"ice",NA,14,890,75,80,110,65,90,50
"876","Indeedee-Male",876,"psychic","normal",9,280,60,65,55,105,95,95
"877","Morpeko-Full-Belly",877,"electric","dark",3,30,58,95,58,70,58,97
"878","Cufant",878,"steel",NA,12,1000,72,80,49,40,49,40
"879","Copperajah",879,"steel",NA,30,6500,122,130,69,80,69,30
"880","Dracozolt",880,"electric","dragon",18,1900,90,100,90,80,70,75
"881","Arctozolt",881,"electric","ice",23,1500,90,100,90,90,80,55
"882","Dracovish",882,"water","dragon",23,2150,90,90,100,70,80,75
"883","Arctovish",883,"water","ice",20,1750,90,90,100,80,90,55
"884","Duraludon",884,"steel","dragon",18,400,70,95,115,120,50,85
"885","Dreepy",885,"dragon","ghost",5,20,28,60,30,40,30,82
"886","Drakloak",886,"dragon","ghost",14,110,68,80,50,60,50,102
"887","Dragapult",887,"dragon","ghost",30,500,88,120,75,100,75,142
"888","Zacian",888,"fairy",NA,28,1100,92,130,115,80,115,138
"889","Zamazenta",889,"fighting",NA,29,2100,92,130,115,80,115,138
"890","Eternatus",890,"poison","dragon",200,9500,140,85,95,145,95,130
"891","Kubfu",891,"fighting",NA,6,120,60,90,60,53,50,72
"892","Urshifu-Single-Strike",892,"fighting","dark",19,1050,100,130,100,63,60,97
"893","Zarude",893,"dark","grass",18,700,105,120,105,70,95,105
"894","Regieleki",894,"electric",NA,12,1450,80,100,50,100,50,200
"895","Regidrago",895,"dragon",NA,21,2000,200,100,50,100,50,80
"896","Glastrier",896,"ice",NA,22,8000,100,145,130,65,110,30
"897","Spectrier",897,"ghost",NA,20,445,100,65,60,145,80,130
"898","Calyrex",898,"psychic","grass",11,77,100,80,80,80,80,80
"899","Wyrdeer",899,"normal","psychic",18,951,103,105,72,105,75,65
"900","Kleavor",900,"bug","rock",18,890,70,135,95,45,70,85
"901","Ursaluna",901,"ground","normal",24,2900,130,140,105,45,80,50
"902","Basculegion-Male",902,"water","ghost",30,1100,120,112,65,80,75,78
"903","Sneasler",903,"fighting","poison",13,430,80,130,60,40,80,120
"904","Overqwil",904,"dark","poison",25,605,85,115,95,65,65,85
"905","Enamorus-Incarnate",905,"fairy","flying",16,480,74,115,70,135,80,106
"906","Sprigatito",906,"grass",NA,4,41,40,61,54,45,45,65
"907","Floragato",907,"grass",NA,9,122,61,80,63,60,63,83
"908","Meowscarada",908,"grass","dark",15,312,76,110,70,81,70,123
"909","Fuecoco",909,"fire",NA,4,98,67,45,59,63,40,36
"910","Crocalor",910,"fire",NA,10,307,81,55,78,90,58,49
"911","Skeledirge",911,"fire","ghost",16,3265,104,75,100,110,75,66
"912","Quaxly",912,"water",NA,5,61,55,65,45,50,45,50
"913","Quaxwell",913,"water",NA,12,215,70,85,65,65,60,65
"914","Quaquaval",914,"water","fighting",18,619,85,120,80,85,75,85
"915","Lechonk",915,"normal",NA,5,102,54,45,40,35,45,35
"916","Oinkologne",916,"normal",NA,10,1200,110,100,75,59,80,65
"917","Tarountula",917,"bug",NA,3,40,35,41,45,29,40,20
"918","Spidops",918,"bug",NA,10,165,60,79,92,52,86,35
"919","Nymble",919,"bug",NA,2,10,33,46,40,21,25,45
"920","Lokix",920,"bug","dark",10,175,71,102,78,52,55,92
"921","Pawmi",921,"electric",NA,3,25,45,50,20,40,25,60
"922","Pawmo",922,"electric","fighting",4,65,60,75,40,50,40,85
"923","Pawmot",923,"electric","fighting",9,410,70,115,70,70,60,105
"924","Tandemaus",924,"normal",NA,3,18,50,50,45,40,45,75
"925","Maushold",925,"normal",NA,3,23,74,75,70,65,75,111
"926","Fidough",926,"fairy",NA,3,109,37,55,70,30,55,65
"927","Dachsbun",927,"fairy",NA,5,149,57,80,115,50,80,95
"928","Smoliv",928,"grass","normal",3,65,41,35,45,58,51,30
"929","Dolliv",929,"grass","normal",6,119,52,53,60,78,78,33
"930","Arboliva",930,"grass","normal",14,482,78,69,90,125,109,39
"931","Squawkabilly",931,"normal","flying",6,24,82,96,51,45,51,92
"932","Nacli",932,"rock",NA,4,160,55,55,75,35,35,25
"933","Naclstack",933,"rock",NA,6,1050,60,60,100,35,65,35
"934","Garganacl",934,"rock",NA,23,2400,100,100,130,45,90,35
"935","Charcadet",935,"fire",NA,6,105,40,50,40,50,40,35
"936","Armarouge",936,"fire","psychic",15,850,85,60,100,125,80,75
"937","Ceruledge",937,"fire","ghost",16,620,75,125,80,60,100,85
"938","Tadbulb",938,"electric",NA,3,4,61,31,41,59,35,45
"939","Bellibolt",939,"electric",NA,12,1130,109,64,91,103,83,45
"940","Wattrel",940,"electric","flying",4,36,40,40,35,55,40,70
"941","Kilowattrel",941,"electric","flying",14,386,70,70,60,105,60,125
"942","Maschiff",942,"dark",NA,5,160,60,78,60,40,51,51
"943","Mabosstiff",943,"dark",NA,11,610,80,120,90,60,70,85
"944","Shroodle",944,"poison","normal",2,7,40,65,35,40,35,75
"945","Grafaiai",945,"poison","normal",7,272,63,95,65,80,72,110
"946","Bramblin",946,"grass","ghost",6,6,40,65,30,45,35,60
"947","Brambleghast",947,"grass","ghost",12,60,55,115,70,80,70,90
"948","Toedscool",948,"ground","grass",9,330,40,40,35,50,100,70
"949","Toedscruel",949,"ground","grass",19,580,80,70,65,80,120,100
"950","Klawf",950,"rock",NA,13,790,70,100,115,35,55,75
"951","Capsakid",951,"grass",NA,3,30,50,62,40,62,40,50
"952","Scovillain",952,"grass","fire",9,150,65,108,65,108,65,75
"953","Rellor",953,"bug",NA,2,10,41,50,60,31,58,30
"954","Rabsca",954,"bug","psychic",3,35,75,50,85,115,100,45
"955","Flittle",955,"psychic",NA,2,15,30,35,30,55,30,75
"956","Espathra",956,"psychic",NA,19,900,95,60,60,101,60,105
"957","Tinkatink",957,"fairy","steel",4,89,50,45,45,35,64,58
"958","Tinkatuff",958,"fairy","steel",7,591,65,55,55,45,82,78
"959","Tinkaton",959,"fairy","steel",7,1128,85,75,77,70,105,94
"960","Wiglett",960,"water",NA,12,18,10,55,25,35,25,95
"961","Wugtrio",961,"water",NA,12,54,35,100,50,50,70,120
"962","Bombirdier",962,"flying","dark",15,429,70,103,85,60,85,82
"963","Finizen",963,"water",NA,13,602,70,45,40,45,40,75
"964","Palafin",964,"water",NA,13,602,100,70,72,53,62,100
"965","Varoom",965,"steel","poison",10,350,45,70,63,30,45,47
"966","Revavroom",966,"steel","poison",18,1200,80,119,90,54,67,90
"967","Cyclizar",967,"dragon","normal",16,630,70,95,65,85,65,121
"968","Orthworm",968,"steel",NA,25,3100,70,85,145,60,55,65
"969","Glimmet",969,"rock","poison",7,80,48,35,42,105,60,60
"970","Glimmora",970,"rock","poison",15,450,83,55,90,130,81,86
"971","Greavard",971,"ghost",NA,6,350,50,61,60,30,55,34
"972","Houndstone",972,"ghost",NA,20,150,72,101,100,50,97,68
"973","Flamigo",973,"flying","fighting",16,370,82,115,74,75,64,90
"974","Cetoddle",974,"ice",NA,12,450,108,68,45,30,40,43
"975","Cetitan",975,"ice",NA,45,7000,170,113,65,45,55,73
"976","Veluza",976,"water","psychic",25,900,90,102,73,78,65,70
"977","Dondozo",977,"water",NA,120,2200,150,100,115,65,65,35
"978","Tatsugiri",978,"dragon","water",3,80,68,50,60,120,95,82
"979","Annihilape",979,"fighting","ghost",12,560,110,115,80,50,90,90
"980","Clodsire",980,"poison","ground",18,2230,130,75,60,45,100,20
"981","Farigiraf",981,"normal","psychic",32,1600,120,90,70,110,70,60
"982","Dudunsparce",982,"normal",NA,36,392,125,100,80,85,75,55
"983","Kingambit",983,"dark","steel",20,1200,100,135,120,60,85,50
"984","Great-Tusk",984,"ground","fighting",22,3200,115,131,131,53,53,87
"985","Scream-Tail",985,"fairy","psychic",12,80,115,65,99,65,115,111
"986","Brute-Bonnet",986,"grass","dark",12,210,111,127,99,79,99,55
"987","Flutter-Mane",987,"ghost","fairy",14,40,55,55,55,135,135,135
"988","Slither-Wing",988,"bug","fighting",32,920,85,135,79,85,105,81
"989","Sandy-Shocks",989,"electric","ground",23,600,85,81,97,121,85,101
"990","Iron-Treads",990,"ground","steel",9,2400,90,112,120,72,70,106
"991","Iron-Bundle",991,"ice","water",6,110,56,80,114,124,60,136
"992","Iron-Hands",992,"fighting","electric",18,3807,154,140,108,50,68,50
"993","Iron-Jugulis",993,"dark","flying",13,1110,94,80,86,122,80,108
"994","Iron-Moth",994,"fire","poison",12,360,80,70,60,140,110,110
"995","Iron-Thorns",995,"rock","electric",16,3030,100,134,110,70,84,72
"996","Frigibax",996,"dragon","ice",5,170,65,75,45,35,45,55
"997","Arctibax",997,"dragon","ice",8,300,90,95,66,45,65,62
"998","Baxcalibur",998,"dragon","ice",21,2100,115,145,92,75,86,87
"999","Gimmighoul",999,"ghost",NA,3,50,45,30,70,75,70,10
"1000","Gholdengo",1000,"steel","ghost",12,300,87,60,95,133,91,84
"1001","Wo-Chien",1001,"dark","grass",15,742,85,85,100,95,135,70
"1002","Chien-Pao",1002,"dark","ice",19,1522,80,120,80,90,65,135
"1003","Ting-Lu",1003,"dark","ground",27,6997,155,110,125,55,80,45
"1004","Chi-Yu",1004,"dark","fire",4,49,55,80,80,135,120,100
"1005","Roaring-Moon",1005,"dragon","dark",20,3800,105,139,71,55,101,119
"1006","Iron-Valiant",1006,"fairy","fighting",14,350,74,130,90,120,60,116
"1007","Koraidon",1007,"fighting","dragon",25,3030,100,135,115,85,100,135
"1008","Miraidon",1008,"electric","dragon",35,2400,100,85,100,135,115,135
"1009","Walking-Wake",1009,"water","dragon",35,2800,99,83,91,125,83,109
"1010","Iron-Leaves",1010,"grass","psychic",15,1250,90,130,88,70,108,104
